James,Huang,19990123 
Pariwat,Potter,25580512 
Harry,Granger,20031010 
Ron,Wesley,20000421 
William,Huang,25420813
Pink,Su,20030412
James,Bachmeier,20200111
John,Bachner,20200505
Will,Bacho,20200508
Samuel,Bachrach,20200216
William,Bachtel,20200503
Richard,Bachtell,20200422
Sam,Bachus,20200115
Bert,Bacigalupi,20200217
Fred,Bacigalupo,20200227
Albert,Bacik,20200303
Carl,Bacino,20200312
Walter,Back,20200428
David,Backe,20200307
Frederick,Backen,20200301
Henry,Backer,20200111
Andrew,Backes,20200503
Ernest,Backhaus,20200226
Lee,Backhus,20200410
Louis,Backlund,20200120
Tom,Backman,20200402
Rufus,Backs,20200430
Marion,Backstrom,20200427
Francis,Backus,20200415
Ben,Bacon,20200322
Luther,Saccomanno,20200322
Julius,Saccone,20200513
Dan,Sacha,20200108
Lawrence,Sachar,20200327
Warren,Sachdev,20200223
Daniel,Sachdeva,20200405
Edward,Sachen,20200115
Clarence,Sacher,20200221
Jim,Sachs,20200519
Alfred,Sachse,20200115
Willie,Sachtleben,20200508
Leo,Sack,20200219
Howard,Sackett,20200428
Eugene,Sackman,20200412
Harvey,Sackmann,20200515
Chester,Sackrider,20200328
Archie,Sacks,20200322
Theodore,Sacksteder,20200213
Clyde,Sacra,20200308
Herman,Sacre,20200422
August,Wadhwani,20200126
Perry,Wadkins,20200512
Calvin,Wadle,20200429
Charles,Wadleigh,20200116
Harry,Wadler,20200226
Thomas,Wadley,20200211
Arthur,Wadlington,20200401
Martin,Wadlow,20200202
Benjamin,Wadman,20200508
Jesse,Wadsworth,20200330
Lewis,Wadzinski,20200324
Ira,Waechter,20200515
Frank,Wafer,20200313
Homer,Waffle,20200503
Michael,Wafford,20200315
Alexander,Wagaman,20200510
Floyd,Wagar,20200409
Earl,Wage,20200512
Patrick,Wageman,20200119
Allen,Wagemann,20200307
Alex,Wagenaar,20200220
Milton,Wagenbach,20200212
Jack,Wagenblast,20200129
Oscar,Wagener,20200212
Roy,Wagenknecht,20200418
Joe,Wagenman,20200229
Jacob,Wager,20200329
Robert,Wagers,20200501
Charlie,Wages,20200414
Guy,Wagg,20200313
Elmer,Waggener,20200512
Herbert,Waggett,20200413
Peter,Waggle,20200129
Paul,Waggoner,20200310
Hugh,Waggy,20200324
Edwin,Wagle,20200218
Jessie,Wagler,20200307
Oliver,Wagley,20200221
Isaac,Wagman,20200515
Willis,Wagner,20200514
Sidney,Wagnon,20200509
Bernard,Wagoner,20200123
Philip,Wagstaff,20200430
Joseph,Wagster,20200120
Claude,Waguespack,20200131
Leonard,Wagy,20200113
Charley,Tu,20200111
Ralph,Tager,20200505
Edgar,Tagert,20200508
Ray,Tagg,20200216
Horace,Taggart,20200503
Otto,Tagge,20200422
Ed,Taggert,20200115
Raymond,Tagle,20200217
Jerry,Tagliaferri,20200227
Stephen,Tagliaferro,20200303
Dave,Taglieri,20200312
Dennis,Taguchi,20200428
Eddie,Tague,20200307
Amos,Taha,20200301
Anthony,Tahan,20200111
Clifford,Tahara,20200503
Wesley,Taheri,20200226
Leroy,Tahir,20200410
Alonzo,Tahtinen,20200120
Garfield,Tai,20200402
Franklin,Taibi,20200430
Leon,Taillon,20200427
Emil,Tailor,20200415
Nathan,Taing,20200322
Harold,Tainter,20200322
Matthew,Taira,20200513
Moses,Tait,20200108
Levi,Taitano,20200327
Everett,Taite,20200223
Lester,Taitt,20200405
Winfield,Tajima,20200115
Adam,Tak,20200221
Lloyd,Takach,20200519
Mack,Takacs,20200115
Fredrick,Takagi,20200508
Jay,Takahashi,20200219
Jess,Takai,20200428
Melvin,Takaki,20200412
Aaron,Eader,20200515
Noah,Eades,20200328
Alvin,Eadie,20200322
Norman,Eads,20200213
Gilbert,Eady,20200308
Victor,Eagan,20200422
Nelson,Eagar,20200126
Gus,Eagen,20200512
Jasper,Eager,20200429
Elijah,Eagerton,20200116
Mike,Eagle,20200226
Jake,Eagleburger,20200211
Percy,Eagles,20200401
Silas,Eagleson,20200202
Christopher,Eagleston,20200508
Felix,Eagleton,20200330
Cornelius,Eaglin,20200324
Adolph,Eagon,20200515
Maurice,Eaken,20200313
Reuben,Eaker,20200503
Sylvester,Eakes,20200315
Roscoe,Eakin,20200510
Wallace,Eakins,20200409
Earnest,O’Neal,20200512
Claud,O’Neall,20200119
Simon,O’Neel,20200307
Willard,O’Neil,20200220
Hiram,O’Neill,20200212
Irvin,O’Ney,20200129
Wilbur,O’Quin,20200212
Otis,O’Quinn,20200418
Mark,O’Rear,20200229
Abraham,O’Regan,20200329
Virgil,O’Reilly,20200501
Leslie,O’Riley,20200414
Jose,O’Riordan,20200313
Clinton,O’Roark,20200512
Marshall,O’Rorke,20200413
Owen,O’Rourke,20200129
Morris,O’Ryan,20200310
Elbert,O’Shaughnessy,20200324
Wiley,O’Shea,20200218
Manuel,Rabel,20200307
Anton,Raben,20200221
Phillip,Rabenberg,20200515
Eli,Rabenold,20200514
Augustus,Rabenstein,20200509
Nicholas,Raber,20200123
Emmett,Rabey,20200430
Wilson,Rabideau,20200120
Newton,Rabin,20200131
Alva,Rabine,20200113
Timothy,Rabinovich,19550814
Harley,Rabinovitz,19750924
Marvin,Rabinowitz,19860319
Edmund,Rabito,20110627
Horace,Taggart,19660321
Otto,Tagge,20000226
Ed,Taggert,19541119
Raymond,Tagle,19600711
Jerry,Tagliaferri,19901027
Stephen,Tagliaferro,19531014
Dave,Taglieri,20160210
Dennis,Taguchi,19471207
Eddie,Tague,19660219
Amos,Taha,19920328
Anthony,Tahan,19650407
Clifford,Tahara,19920713
Wesley,Taheri,19940614
Leroy,Tahir,19940214
Alonzo,Tahtinen,19750102
Garfield,Tai,19660516
Franklin,Taibi,20041026
Leon,Taillon,19950911
Emil,Tailor,19771115
Nathan,Taing,19810418
Harold,Tainter,19860611
Matthew,Taira,19850904
Moses,Tait,19960507
Levi,Taitano,20200130
Everett,Taite,19620201
Lester,Taitt,20000129
Winfield,Tajima,19850707
Adam,Tak,19821120
Lloyd,Takach,19581213
Mack,Takacs,20070718
Fredrick,Takagi,19600711
Jay,Takahashi,19570731
Jess,Takai,19960707
Melvin,Takaki,19440405
Aaron,Eader,19591225
Noah,Eades,19880810
Alvin,Eadie,20181129
Norman,Eads,19511220
Gilbert,Eady,20120731
Victor,Eagan,19700901
Nelson,Eagar,20160827
Gus,Eagen,19660204
Jasper,Eager,20100720
Elijah,Eagerton,20120806
Mike,Eagle,20100207
Jake,Eagleburger,19580526
Percy,Eagles,19590818
Silas,Eagleson,19931217
Christopher,Eagleston,19760630
Felix,Eagleton,19700915
Cornelius,Eaglin,19920712
Adolph,Eagon,19670705
Maurice,Eaken,20140606
Reuben,Eaker,19830329
Sylvester,Eakes,20090812
Roscoe,Eakin,19440108
Wallace,Eakins,19590814
Earnest,O’Neal,19640213
Claud,O’Neall,19830611
Simon,O’Neel,19510325
Willard,O’Neil,19520429
Hiram,O’Neill,20190223
Irvin,O’Ney,19871206
Wilbur,O’Quin,19770405
Otis,O’Quinn,19580603
Mark,O’Rear,20120428
Abraham,O’Regan,19830517
Virgil,O’Reilly,19940824
Leslie,O’Riley,20191010
Jose,O’Riordan,19660604
Clinton,O’Roark,19960328
Marshall,O’Rorke,20121101
Owen,O’Rourke,20090227
Morris,O’Ryan,19930701
Elbert,O’Shaughnessy,19890214
Wiley,O’Shea,20000201
Manuel,Rabel,19611005
Anton,Raben,20160207
Phillip,Rabenberg,19550704
Eli,Rabenold,19760613
Augustus,Rabenstein,20161226
Nicholas,Raber,19931030
Emmett,Rabey,19590619
Wilson,Rabideau,19680112
Newton,Rabin,19570329
Alva,Rabine,19550428
Timothy,Rabinovich,20180507
Harley,Rabinovitz,19910303
Marvin,Rabinowitz,19760728
Edmund,Rabito,19550428